{
	"selectors": {
		".s-light": "t",
		".s-dark": "n",
		".site-s-dark": "r",
		".elementor-top-section": "i",
		".elementor-section-full_width": "s",
		".main-wrap": "o",
		".ts-button": "u",
		".ts-button-alt": "a",
		".ts-button-b": "f",
		".wp-block-pullquote": "l",
		".is-style-modern": "c",
		".modern-quote": "h",
		".alignleft": "p",
		".alignright": "d",
		".pull": "v",
		".search-form": "m",
		".search-field": "g",
		".limit-line": "y",
		".limit-lines": "b",
		".l-lines-1": "w",
		".l-lines-2": "x",
		".l-lines-3": "k",
		".l-lines-4": "j",
		".ellipsis": "q",
		".visuallyhidden": "z",
		".screen-reader-text": "te",
		".main-color": "tt",
		".post-title": "tn",
		".separator": "tr",
		".no-line": "ti",
		".half": "ts",
		".ts-spinner": "tu",
		".lazyload": "ta",
		".lazyloading": "tf",
		".no-display": "tl",
		".lazyloaded": "tc",
		".appear": "th",
		".wp-post-image": "tp",
		".post-content": "td",
		".bg-ratio": "tv",
		".bg-cover": "tm",
		".fade-in": "tg",
		".fade-out": "ty",
		".fade-in-up": "tb",
		".fade-in-up-lg": "tw",
		".fade-in-down-lg": "tx",
		".no-transition": "tk",
		".media-ratio": "t_",
		".ratio-1-1": "tj",
		".ratio-4-3": "tq",
		".ratio-3-2": "tz",
		".ratio-16-9": "ne",
		".ratio-21-9": "nt",
		".ratio-3-4": "nn",
		".ratio-2-3": "nr",
		".show-lg": "ni",
		".show-md": "ns",
		".show-sm": "no",
		".show-xs": "nu",
		".ts-contain": "na",
		".wrap": "nf",
		".main-content": "nl",
		".no-sidebar": "nc",
		".col-8": "nh",
		".ts-row": "np",
		".row": "nd",
		".b-row": "nv",
		".grid": "nm",
		".cols-not-eq": "ng",
		".cols-gap-sm": "ny",
		".cols-gap-lg": "nb",
		".cols-gap-xlg": "nw",
		".cols-gap-min": "nx",
		".grid-1": "nk",
		".grid-2": "n_",
		".grid-3": "nj",
		".grid-4": "nq",
		".grid-5": "nz",
		".grid-6": "re",
		".grid-auto": "rt",
		".grid-4-8": "rn",
		".grid-8-4": "rr",
		".md:grid-1": "ri",
		".md:grid-2": "rs",
		".md:grid-3": "ro",
		".md:grid-4": "ru",
		".md:grid-5": "ra",
		".md:grid-6": "rf",
		".md:grid-auto": "rl",
		".sm:grid-1": "rc",
		".sm:grid-2": "rh",
		".sm:grid-3": "rp",
		".sm:grid-4": "rd",
		".sm:grid-5": "rv",
		".sm:grid-6": "rm",
		".sm:grid-auto": "rg",
		".xs:grid-1": "ry",
		".xs:grid-2": "rb",
		".xs:grid-3": "rw",
		".xs:grid-4": "rx",
		".xs:grid-5": "rk",
		".xs:grid-6": "r_",
		".xs:grid-auto": "rj",
		".col-1": "rq",
		".col-2": "rz",
		".col-2-4": "ie",
		".col-3": "it",
		".col-4": "ii",
		".col-5": "is",
		".col-6": "io",
		".col-7": "iu",
		".col-9": "ia",
		".col-10": "if",
		".col-11": "il",
		".col-12": "ic",
		".column": "ih",
		".three-fourth": "ip",
		".two-third": "id",
		".one-third": "iv",
		".one-fourth": "im",
		".one-fifth": "ig",
		".two-fifth": "iy",
		".three-fifth": "ib",
		".four-fifth": "iw",
		".right": "ix",
		".left": "ik",
		".breadcrumbs": "i_",
		".delim": "ij",
		".inner": "iq",
		".breadcrumbs-a": "iz",
		".post-layout-large-center": "se",
		".breadcrumbs-b": "st",
		".is-full-width": "sn",
		".main-featured": "sr",
		".is-container": "si",
		".slides": "ss",
		".common-slider": "so",
		".slick-initialized": "su",
		".slick-arrow": "sa",
		".slick-disabled": "sf",
		".slick-track": "sl",
		".prev-arrow": "sc",
		".next-arrow": "sh",
		".item": "sp",
		".loaded": "sd",
		".parallax": "sv",
		".arrow-hover": "tio",
		".nav-dots": "sg",
		".slick-active": "sy",
		".slider-arrow-b": "sb",
		".alignnone": "sw",
		".wp-block-image": "sx",
		".wp-block-gallery": "sk",
		".wp-block-embed": "s_",
		".alignwide": "sj",
		".alignfull": "sq",
		".aligncenter": "sz",
		".wp-caption": "oe",
		".wp-caption-text": "ot",
		".blocks-gallery-caption": "on",
		".wp-block-embed__wrapper": "or",
		".wp-block-embed-twitter": "oi",
		".wp-block-embed-instagram": "os",
		".wp-block-embed-youtube": "oo",
		".wp-block-quote": "ou",
		".is-style-large": "oa",
		".is-style-plain": "of",
		".has-text-color": "ol",
		".is-style-default": "oc",
		".wp-block-pullquote__citation": "oh",
		".is-style-solid-color": "op",
		".is-style-solid-bg": "od",
		".wp-block-separator": "ov",
		".is-style-wide": "om",
		".is-style-dots": "og",
		".wp-block-audio": "oy",
		".wp-block-columns": "ob",
		".wp-block-column": "ow",
		".has-drop-cap": "ox",
		".has-background": "ok",
		".wp-block-buttons": "o_",
		".wp-block-button": "oj",
		".is-style-outline": "oq",
		".wp-block-button__link": "oz",
		".wp-block-cover": "ue",
		".wp-block-cover__inner-container": "ut",
		".wp-block-media-text": "un",
		".wp-block-group": "ur",
		".wp-block-group__inner-container": "ui",
		".wp-block-latest-posts__list": "us",
		".wp-block-latest-posts": "uo",
		".wp-block-social-links": "uu",
		".wp-block-table": "ua",
		".is-style-stripes": "uf",
		".entry-content": "ul",
		".has-very-light-gray-background-color": "uc",
		".has-dark-gray-color": "uh",
		".has-dark-gray-background-color": "up",
		".has-white-background-color": "ud",
		".has-cyan-bluish-gray-background-color": "uv",
		".has-very-dark-gray-background-color": "um",
		".has-black-background-color": "ug",
		".has-white-color": "uy",
		".has-very-light-gray-color": "ub",
		".has-cyan-bluish-gray-color": "uw",
		".has-very-dark-gray-color": "ux",
		".has-black-color": "uk",
		".textwidget": "u_",
		".has-small-font-size": "uj",
		".has-regular-font-size": "uq",
		".has-large-font-size": "uz",
		".has-larger-font-size": "ae",
		".tiled-gallery": "at",
		".wp-block-cover-image": "an",
		".pinit-btn": "ar",
		".instagram-media": "ai",
		".twitter-tweet": "as",
		".fluid-width-video-wrapper": "ao",
		".content-spacious": "au",
		".gallery": "aa",
		".review-box": "af",
		".content-spacious-full": "al",
		".spc-social": "ac",
		".icon": "ah",
		".service": "ap",
		".spc-social-b": "ad",
		".spc-social-c": "av",
		".spc-social-bg": "am",
		".spc-social-colored": "ag",
		".spc-social-colors": "ay",
		".s-facebook": "ab",
		".s-twitter": "aw",
		".s-instagram": "ax",
		".s-pinterest": "ak",
		".s-vimeo": "a_",
		".s-rss": "aj",
		".s-tumblr": "aq",
		".s-youtube": "az",
		".s-linkedin": "fe",
		".s-dribbble": "ft",
		".s-soundcloud": "fn",
		".s-vk": "fr",
		".s-whatsapp": "fi",
		".s-reddit": "fs",
		".s-telegram": "fo",
		".s-tiktok": "fu",
		".s-discord": "ff",
		".s-twitch": "fl",
		".s-flickr": "fc",
		".spc-social-block": "fh",
		".post-meta": "fp",
		".post-meta-items": "fd",
		".has-author-img": "fv",
		".meta-item": "fm",
		".has-icon": "fg",
		".has-next-icon": "fy",
		".rank-hot": "fb",
		".rank-trend": "fw",
		".rank-viral": "fx",
		".post-cat": "fk",
		".post-author": "f_",
		".has-img": "fj",
		".cat-labels": "fq",
		".text-in": "fz",
		".category": "le",
		".updated-on": "lt",
		".star-rating": "ln",
		".main-stars": "lr",
		".is-title": "li",
		".meta-below-has-right": "ls",
		".pagination-numbers": "lo",
		".page-numbers": "lu",
		".post-page-numbers": "la",
		".current": "lf",
		".dots": "ll",
		".prev": "lc",
		".next": "lh",
		".load-button": "lp",
		".loading": "ld",
		".load-button-a": "lv",
		".pagination-more": "lm",
		".author-box": "lg",
		".author-info": "ly",
		".avatar": "lb",
		".social-icons": "lw",
		".description": "lx",
		".bio": "lk",
		".gallery-slider": "l_",
		".has-media-shadows": "lj",
		".slick-slide": "lq",
		".gallery-columns-1": "lz",
		".gallery-columns-2": "ce",
		".gallery-columns-3": "ct",
		".gallery-columns-4": "cn",
		".gallery-columns-5": "cr",
		".gallery-columns-6": "ci",
		".gallery-columns-7": "cs",
		".gallery-columns-8": "co",
		".gallery-columns-9": "cu",
		".gallery-item": "ca",
		".right-sidebar": "cl",
		".blocks-gallery-item": "cc",
		".blocks-gallery-image": "ch",
		".columns-3": "cp",
		".columns-4": "cd",
		".columns-5": "cv",
		".columns-6": "cm",
		".columns-7": "cg",
		".columns-8": "cy",
		".grid-overlay": "cb",
		".content-wrap": "cw",
		".pos-center": "cx",
		".pos-v-center": "ck",
		".pos-top": "c_",
		".pos-bot": "cj",
		".media": "cq",
		".image-link": "cz",
		".hover-zoom": "he",
		".meta-contrast": "ht",
		".meta-hide": "hn",
		".meta-below": "hr",
		".grid-overlay-a": "hi",
		".grid-overlay-b": "hs",
		".l-post": "ho",
		".p-meta-b": "hu",
		".excerpt": "ha",
		".has-nums": "hf",
		".has-nums-a": "hl",
		".has-nums-c": "hc",
		".c-overlay": "hh",
		".p-top-left": "hp",
		".p-top-center": "hd",
		".p-bot-center": "hv",
		".p-top-right": "hm",
		".p-bot-left": "hg",
		".p-bot-right": "hy",
		".p-center": "hb",
		".format-overlay": "hw",
		".format-video": "hx",
		".review": "hk",
		".review-radial": "h_",
		".counter": "hj",
		".percent": "hq",
		".review-number": "hz",
		".progress-radial": "pe",
		".l-post-title-bg": "pt",
		".l-post-center": "pn",
		".l-post-media-v-center": "pr",
		".touch": "pi",
		".grid-card-post": "ps",
		".list-card-post": "po",
		".grid-post": "pu",
		".content-above": "pa",
		".grid-sm-post": "pf",
		".grid-lg-post": "pl",
		".read-more-link": "pc",
		".grid-stylish-post": "ph",
		".list-post": "pp",
		".grid-on-sm": "pd",
		".list-post-on-sm": "pv",
		".list-post-v-center": "pm",
		".m-pos-right": "pg",
		".small-post": "py",
		".slick-slider": "pb",
		".small-b-post": "pw",
		".overlay-post": "px",
		".loop": "pk",
		".main-pagination": "p_",
		".loops-mixed": "pj",
		".loop-sep-col": "pq",
		".loop-sep": "pz",
		".loop-grid": "de",
		".sticky": "dt",
		".loop-grid-sm": "dn",
		".loop-grid-lg": "dr",
		".loop-list": "di",
		".loop-list-sep": "ds",
		".loop-small": "do",
		".loop-small-sep": "du",
		".loop-small-b": "da",
		".loop-overlay": "df",
		".loop-timeline": "dl",
		".month": "dc",
		".heading": "dh",
		".posts": "dp",
		".block-highlights": "dd",
		".feat-grid": "dv",
		".items-wrap": "dm",
		".item-1": "dg",
		".item-2": "dy",
		".item-3": "db",
		".item-4": "dw",
		".item-5": "dx",
		".item-large": "dk",
		".item-small": "d_",
		".item-medium": "dj",
		".slider": "dq",
		".feat-grid-full": "dz",
		".grid-overlay-c": "ve",
		".feat-grid-ratio": "vt",
		".item-main": "vn",
		".feat-grid-height": "vr",
		".feat-grid-equals": "vi",
		".slick-list": "vs",
		".static": "vo",
		".feat-grid-a": "vu",
		".feat-grid-a-full": "va",
		".feat-grid-b": "vf",
		".feat-grid-c": "vl",
		".feat-grid-c-full": "vc",
		".feat-grid-d": "vh",
		".feat-grid-d-full": "vp",
		".feat-grid-eq1": "vd",
		".feat-grid-eq1-full": "vv",
		".feat-grid-eq2": "vm",
		".feat-grid-eq2-full": "vg",
		".feat-grid-eq3": "vy",
		".feat-grid-eq3-full": "vb",
		".feat-grid-eq4": "vw",
		".feat-grid-eq5": "vx",
		".feat-grid-eq5-full": "v_",
		".block-news-focus": "vj",
		".block-focus-grid": "vq",
		".loop-carousel": "vz",
		".slick-dotted": "me",
		".block-newsletter": "mt",
		".spc-newsletter": "mn",
		".bg-wrap": "mr",
		".media-full": "mi",
		".message": "ms",
		".fields": "mo",
		".fields-style": "mu",
		".disclaimer": "ma",
		".fields-inline": "mf",
		".main-fields": "ml",
		".field-email": "mc",
		".field-submit": "mh",
		".fields-full": "mp",
		".has-top-icon": "tis",
		".mail-bg-icon": "mv",
		".mail-top-icon": "mm",
		".mail-icon": "mg",
		".spc-newsletter-xs": "my",
		".spc-newsletter-lg": "mb",
		".spc-newsletter-a": "mw",
		".main-top-icon": "mx",
		".spc-newsletter-center": "mk",
		".spc-newsletter-leter": "m_",
		".spc-newsletter-b": "mj",
		".spc-newsletter-c": "mq",
		".mobile-menu": "mz",
		".nav-icons": "ge",
		".mega-menu": "gt",
		".item-active": "gn",
		".chevron": "gr",
		".off-canvas": "gi",
		".off-canvas-head": "gs",
		".off-canvas-content": "go",
		".has-scrollbar": "gu",
		".logo-image": "ga",
		".ts-logo": "gf",
		".close": "gl",
		".admin-bar": "gc",
		".hide-widgets-sm": "gh",
		".off-canvas-widgets": "gp",
		".hide-menu-lg": "gd",
		".off-canvas-backdrop": "gv",
		".off-canvas-active": "gm",
		".widget": "gg",
		".search-modal": "gy",
		".mfp-bg": "gb",
		".mfp-ready": "gw",
		".mfp-removing": "gx",
		".search-modal-wrap": "gk",
		".mfp-wrap": "g_",
		".mfp-close": "gj",
		".search-modal-box": "gq",
		".live-search-results": "gz",
		".base-text": "ye",
		".block-head": "yt",
		".color": "yn",
		".arrow": "yr",
		".view-link": "yi",
		".view-link-b": "ys",
		".filters": "yo",
		".active": "yu",
		".is-center": "ya",
		".block-head-ac": "yf",
		".block-head-a": "yl",
		".block-head-a2": "yc",
		".block-head-b": "yh",
		".block-head-c": "yp",
		".block-head-c2": "yd",
		".block-head-d": "yv",
		".block-head-e": "ym",
		".is-left": "yg",
		".block-head-e2": "yy",
		".block-head-e3": "yb",
		".block-head-f": "yw",
		".block-head-g": "yx",
		".block-head-h": "yk",
		".block-head-i": "y_",
		".featured": "yj",
		".feedburner": "yq",
		".feedburner-email": "yz",
		".feedburner-subscribe": "be",
		".cat-labels-overlay": "bt",
		".ar-bunyad-main-full": "bn",
		".ar-bunyad-main": "br",
		".ar-bunyad-grid": "bi",
		".ar-bunyad-list": "bs",
		".ar-bunyad-overlay": "bo",
		".ar-bunyad-thumb": "bu",
		".ar-bunyad-classic-slider": "ba",
		".ar-bunyad-classic-slider-sm": "bf",
		".ar-bunyad-classic-slider-md": "bl",
		".navigation": "bc",
		".sub-menu": "bh",
		".only-icon": "bp",
		".current-menu-item": "bd",
		".has-parent-state": "bv",
		".current-menu-parent": "bm",
		".current-menu-ancestor": "bg",
		".menu-item": "bb",
		".item-mega-menu": "bw",
		".nav-hov-a": "bx",
		".nav-hov-b": "bk",
		".mega-menu-a": "b_",
		".sub-cats": "bj",
		".smart-head-row-full": "bq",
		".items-center": "bz",
		".items-right": "we",
		".recent-posts": "wt",
		".post": "wn",
		".mega-menu-b": "wr",
		".extend": "wi",
		".sub-nav": "ws",
		".links": "wo",
		".navigation-small": "wu",
		".smart-head-search": "wa",
		".search-button": "wf",
		".query": "wl",
		".view-all": "wc",
		".no-results": "wh",
		".smart-head-row": "wp",
		".trending-ticker": "wd",
		".post-link": "wv",
		".logo-image-dark": "wm",
		".smart-head": "wg",
		".logo-link": "wy",
		".logo-is-image": "wb",
		".search-icon": "ww",
		".h-date": "wx",
		".cart-icon": "wk",
		".cart-link": "w_",
		".has-count": "wj",
		".text": "wq",
		".cart-count-wrap": "wz",
		".cart-counter": "xe",
		".auth-link": "xt",
		".h-text": "xn",
		".is-icon": "xr",
		".has-icon-only": "xi",
		".nav-wrap": "tiu",
		".spc-social-a": "xo",
		".scheme-switcher": "xu",
		".toggle": "xa",
		".toggle-light": "xf",
		".toggle-dark": "xl",
		".smart-head-row-3": "xc",
		".has-center-nav": "xh",
		".smart-head-top": "xp",
		".smart-head-mid": "xd",
		".smart-head-bot": "xv",
		".items": "xm",
		".empty": "xg",
		".smart-head-b": "xy",
		".smart-head-legacy": "xb",
		".smart-head-mobile": "xw",
		".offcanvas-toggle": "xx",
		".hamburger-icon": "xk",
		".hamburger-icon-b": "x_",
		".smart-head-sticky": "xj",
		".sticky-is-full": "xq",
		".animate": "xz",
		".widget_recent_entries": "ke",
		".widget_recent_comments": "kt",
		".widget_links": "kn",
		".widget_meta": "kr",
		".widget_rss": "ki",
		".widget_pages": "ks",
		".widget_nav_menu": "ko",
		".widget_categories": "ku",
		".widget_product_categories": "ka",
		".widget_archive": "kf",
		".widget_search": "kl",
		".url": "kc",
		".recentcomments": "kh",
		".comment-author-link": "kp",
		".page-blocks": "kd",
		".children": "kv",
		".tagcloud": "km",
		".widgettitle": "kg",
		".widget_calendar": "ky",
		".wp-calendar-table": "kb",
		".widget-tabbed": "kw",
		".tabs-list": "kx",
		".tabs-data": "kk",
		".tab-widget-wrap": "k_",
		".inactive": "kj",
		".flickr-widget": "kq",
		".spc-social-follow": "kz",
		".service-link": "_e",
		".the-icon": "_t",
		".count": "_n",
		".spc-social-follow-a": "_r",
		".services": "_i",
		".spc-social-follow-b": "_s",
		".spc-social-follow-c": "_o",
		".spc-social-follow-split": "_u",
		".spc-insta-image-wrap": "_a",
		".spc-insta-media": "_f",
		".spc-insta-item": "_l",
		".spc-insta-image": "_c",
		".spc-insta-link": "_h",
		".widget-about": "_p",
		".logo-text": "_d",
		".image-logo": "_v",
		".image-full": "_m",
		".image-circle": "_g",
		".about-text": "_y",
		".widget-about-centered": "_b",
		".the-post": "_w",
		".the-post-modern": "_x",
		".wrap-spacious-full": "_k",
		".single-featured": "__",
		".post-header": "_j",
		".comments": "_q",
		".the-post-meta": "_z",
		".cats": "je",
		".title-above": "jt",
		".s-head-modern": "jn",
		".has-share-meta-right": "jr",
		".post-share": "ji",
		".sub-title": "jo",
		".s-head-modern-below": "ju",
		".has-head-below": "ja",
		".s-post-contain": "jf",
		".s-head-has-sep": "jl",
		".s-head-large": "jc",
		".s-head-large-b": "jh",
		".s-post-large": "jp",
		".s-post-large-center": "jd",
		".s-head-center": "jv",
		".has-s-large-bot": "jm",
		".main-sidebar": "jg",
		".post-pagination": "jy",
		".the-post-tags": "jb",
		".spc-alp-main": "jw",
		".spc-auto-load-post": "jx",
		".spc-alp-loader": "jk",
		".post-share-bot": "j_",
		".info": "jj",
		".share-links": "jq",
		".post-share-b": "jz",
		".service-sm": "qe",
		".show-more": "qt",
		".all": "qn",
		".share-text": "qr",
		".post-share-b2": "qi",
		".post-share-b3": "qs",
		".post-share-b-circles": "qo",
		".post-share-b3-circles": "qu",
		".post-share-b4": "qa",
		".post-share-float": "qf",
		".share-float-a": "ql",
		".share-float-b": "qc",
		".share-float-c": "qh",
		".share-float-d": "qp",
		".share-float-e": "qd",
		".is-hidden": "qv",
		".post-share-float-vp": "qm",
		".has-share-float": "qg",
		".has-share-float-in": "qy",
		".content-normal": "qb",
		".criteria": "qw",
		".verdict": "qx",
		".verdict-box": "qk",
		".overall": "q_",
		".number": "qj",
		".best": "qq",
		".criterion": "qz",
		".rating": "ze",
		".rating-bar": "zt",
		".bar": "zn",
		".stars": "zr",
		".overall-stars": "zi",
		".user-ratings": "zs",
		".votes": "zo",
		".hover-number": "zu",
		".voted": "za",
		".navigate-posts": "zf",
		".previous": "zl",
		".related-posts": "zc",
		".comments-list": "zh",
		".comment": "zp",
		".comment-meta": "zd",
		".comment-content": "zv",
		".bypostauthor": "zm",
		".comment-author": "zg",
		".pingback": "zy",
		".reply": "zb",
		".comment-nav": "zw",
		".nav-previous": "zx",
		".nav-next": "zk",
		".comment-respond": "z_",
		".comment-reply-title": "zj",
		".comment-form": "zq",
		".form-field": "zz",
		".form-submit": "tee",
		".submit": "tet",
		".ts-comments-hidden": "ten",
		".ts-comments-show": "ter",
		".post-layout-cover": "tei",
		".post-cover": "tes",
		".hidden": "teo",
		".overlay": "teu",
		".post-slideshow": "tea",
		".content-page": "tef",
		".post-pagination-large": "tel",
		".bottom": "tec",
		".main-heading": "teh",
		".page-content": "tep",
		".author": "ted",
		".section-head": "tev",
		".authors-list": "tem",
		".wpcf7": "teg",
		".wpcf7-not-valid-tip": "tey",
		".page-404": "teb",
		".text-404": "tew",
		".mu_register": "tex",
		".wp-signup-container": "tek",
		".archive-heading": "te_",
		".archive-description": "tej",
		".archive-author-box": "teq",
		".block-wrap": "tez",
		".mb-sm": "tte",
		".mb-md": "ttt",
		".mb-none": "ttn",
		".block-content": "ttr",
		".read-more-btn": "tti",
		".read-more-btn-b": "tts",
		".read-more-basic": "tto",
		".has-sb-sep": "ttu",
		".elementor-column": "tta",
		".main-footer": "ttf",
		".main-full": "ttl",
		".upper-footer": "ttc",
		".widgets": "tth",
		".lower-footer": "ttp",
		".classic-footer-lower": "ttd",
		".bold-footer-upper": "ttv",
		".bold-footer-lower": "ttm",
		".footer-logo": "ttg",
		".layout-boxed": "tty",
		".ts-bg-cover": "ttb",
		".a-wrap": "ttw",
		".a-wrap-base": "ttx",
		".a-wrap-bg": "ttk",
		".a-wrap-2": "tt_",
		".a-wrap-3": "ttj",
		".a-wrap-5": "ttq",
		".a-wrap-6": "ttz",
		".a-wrap-8": "tne",
		".ts-modal": "tnt",
		".is-open": "tnn",
		".ts-modal-overlay": "tnr",
		".ts-modal-container": "tni",
		".ts-modal-header": "tns",
		".close-btn": "tno",
		".auth-modal": "tnu",
		".auth-modal-register": "tna",
		".auth-widget": "tnf",
		".input-group": "tnl",
		".remember": "tnc",
		".social-login": "tnh",
		".s-google": "tnp",
		".social-label": "tnd",
		".dragging": "tnv",
		".slick-loading": "tnm",
		".slick-vertical": "tng",
		".slick-hidden": "tny",
		".elementor-default": "tnb",
		".has-el-gap": "tnw",
		".elementor-container": "tnx",
		".elementor-inner-section": "tnk",
		".el-gap-default": "tn_",
		".elementor-section-boxed": "tnj",
		".elementor-widget": "tnq",
		".el-gap-sm": "tnz",
		".el-gap-lg": "tre",
		".el-gap-xlg": "trt",
		".elementor-section": "trn",
		".is-full-xs": "trr",
		".elementor-section-wrap": "tri",
		".ts-el-con": "trs",
		".e-con-inner": "tro",
		".elementor-element-overlay": "tru",
		".ts-sticky-col": "tra",
		".theiaStickySidebar": "trf",
		".ts-sticky-native": "trl",
		".elementor-widget-wrap": "trc",
		".elementor-column-wrap": "trh",
		".elementor-widget-divider": "trp",
		".elementor-icon-list-item": "trd",
		".elementor-widget-text-editor": "trv",
		".el-col-sep": "trm",
		".ts-el-list": "trg",
		".ts-el-list-vertical": "try",
		".ts-el-list-inline": "trb",
		".ts-el-list-full": "trw",
		".ts-el-hide-s-dark": "trx",
		".site-s-light": "trk",
		".ts-el-hide-s-light": "tr_",
		".elementor": "trj",
		".elementor-hidden-phone": "trq",
		".elementor-hidden-mobile": "trz",
		".elementor-hidden-tablet": "tie",
		".elementor-hidden-desktop": "tit",
		".inline-field": "tin",
		".single-creative": "tir",
		".wp-post-img": "tii",
		".md": "md",
		".sm": "sm",
		".xs": "xs",
		".s-post-large-b": "tia",
		".has-title-bg": "tif",
		".has-titles-bg": "til",
		".l-post-titles-bg": "tic",
		".has-counts": "tih",
		".post-share-meta-right": "tip",
		".post-meta-share-right": "tid",
		".the-post-header": "tiv",
		".el-con": "tim",
		"#searchsubmit": "t"
	}
}