{"cs-3":{"bunyad-blocks-widget-3":{"title":"Grid Overlay","posts":"4","sort_by":"","sort_order":"desc","block":"blog-grid-overlay","cats":["60"],"tags":"","offset":"0","post_type":""},"bunyad-blocks-widget-2":{"title":"Modern Listing","posts":"3","sort_by":"","sort_order":"desc","block":"blog-modern","cats":["16"],"tags":"","offset":"1","post_type":""}},"cs-forums":{"bunyad-latest-posts-widget-3":{"title":"Recent Blogs","number":3}},"main-footer":{"bunyad_about_widget-2":{"title":"About","text":"Neque porro quisquam est qui dolorem ipsum quia dolor sit amet, consectetur. Lorem Ipsum is simply dummy text of the printing and typesetting industry. \r\n\r\nWe're social, connect with us:","logo_text":"SMART<span class=\"main-color\">MAG<\/span>","image":"","image_2x":"","image_type":"logo","social":["facebook","twitter","pinterest","linkedin","vk"],"image_circle":0,"csb_visibility":{"action":"show","conditions":{"guest":[],"date":[],"roles":[],"pagetypes":[],"posttypes":[],"membership":[],"membership2":[],"prosite":[],"pt-post":[],"pt-page":[],"pt-elementor_library":[],"tax-category":[],"tax-post_tag":[],"tax-post_format":[]},"always":true},"csb_clone":{"group":"63","state":"ok"}},"bunyad-popular-posts-widget-3":{"title":"Popular Posts","number":3},"bunyad_flickr_widget-2":{"title":"Flickr Photos","user_id":"71865026@N00","show_num":12,"tags":""}},"top-bar":{"text-9":{"title":"","text":"[social]\r\n\t\t\t\t\t\t\r\n\t\t\t\t\t\t\r\n\t\t\t\t\t\t[social_icon link=\"#\" title=\"Twitter\" type=\"twitter\" \/]\r\n\t\t\t\t\t\t[social_icon link=\"#\" title=\"Facebook\" type=\"facebook\" \/]\r\n\t\t\t\t\t\t[social_icon link=\"#\" title=\"LinkedIn\" type=\"linkedin\" \/]\r\n\t\t\t\t\t\t[social_icon link=\"#\" title=\"Pinterest\" type=\"pinterest\" \/]\r\n\t\t\t\t\t\t[social_icon link=\"#\" title=\"RSS\" type=\"rss\" \/]\r\n\t\t\t\t\t[\/social]\r\n","filter":false}},"header-right":{"bunyad_ads_widget-5":{"title":"","code":"<img src=\"https:\/\/smartmag.theme-sphere.com\/classic\/wp-content\/uploads\/sites\/3\/2014\/01\/ad-block.png\" alt=\"Leaderboard Ad\" \/>"}},"lower-footer":{"text-8":{"title":"","text":"Copyright &copy; 2016 <a href=\"http:\/\/theme-sphere.com\">ThemeSphere<\/a>. Powered by <a href=\"#\">WordPress<\/a>.\r\n\r\n","filter":false},"nav_menu-4":{"title":"","nav_menu":21}},"smartmag-primary":{"bunyad-tabbed-recent-widget-10":{"titles":{"1":"Popular","2":"Recent","3":"Top Reviews"},"cats":{"1":"popular","2":"recent","3":"top-reviews"},"tax_tags":{"1":"","2":"","3":""},"posts":{"1":"3","2":"3","3":"3"},"number":0},"text-10":{"title":"Latest Galleries","text":"[latest_gallery cat=\"all\" number=\"5\" type=\"slider\"]","filter":false},"bunyad_ads_widget-2":{"title":"","code":"<img src=\"https:\/\/smartmag.theme-sphere.com\/classic\/wp-content\/uploads\/sites\/3\/2013\/11\/ad-300x250.png\" alt=\"Sidebar Ad\" \/>"},"bunyad-latest-reviews-widget-2":{"title":"Latest Reviews","number":3,"order":"date"}}}