{"smartmag-bbpress":{"smartmag-block-posts-small-3":{"heading":"Blog Posts","posts":"4","pagination":"0","scheme":"","title_tag":"h4","columns":"","space_below":"none","cat_labels":"","title_lines":"","show_media":"1","media_pos":"left","media_ratio":"","reviews":"","show_post_formats":"0","meta_items_default":"1","meta_cat_style":"text","meta_author_img":"0","show_title":"1","style":"a","container_width":"33","carousel":"0","carousel_arrows":"b","query_type":"custom","sort_by":"","sort_order":"desc","offset":"","reviews_only":"0","tags":"","post_ids":"","taxonomy":"","post_type":"post","heading_type":"","heading_colors":"","heading_link":"","heading_more_text":"","heading_more_link":"","column_gap":"","css_column_gap":"","css_row_gap":"","separators":"1","heading_align":"left","has_css":"1"}},"smartmag-primary":{"smartmag-block-codes-2":{"widget_title":"","code":"<a href=\"https:\/\/theme-sphere.com\/buy\/go.php?theme=smartmag\" target=\"_blank\">\r\n<img src=\"https:\/\/smartmag.theme-sphere.com\/news-bulletin\/wp-content\/uploads\/sites\/26\/2021\/11\/Smart-Woman.jpg\" width=\"336\" height=\"280\" alt=\"Demo\" \/>\r\n<\/a>","code_amp":"","label":""},"smartmag-block-posts-small-6":{"heading":"Top Posts","posts":"3","pagination":"0","scheme":"","title_tag":"h4","columns":"","space_below":"none","cat_labels":"","title_lines":"","show_media":"1","media_pos":"left","media_ratio":"","reviews":"","show_post_formats":"0","meta_items_default":"0","meta_below":["date","views"],"meta_cat_style":"text","meta_author_img":"0","show_title":"1","style":"a","container_width":"33","carousel":"0","carousel_arrows":"b","query_type":"custom","sort_by":"views","sort_order":"desc","offset":"","reviews_only":"0","tags":"","post_ids":"","exclude_tags":"","exclude_ids":"","taxonomy":"","post_type":"post","query_id":"","heading_type":"","heading_colors":"","heading_link":"","heading_more_text":"","heading_more_link":"","heading_tag":"h4","column_gap":"","css_column_gap":"","css_row_gap":"","separators":"0","separators_cols":"0","heading_align":"left","has_css":"1"},"smartmag-block-highlights-2":{"heading":"Don't Miss","posts":"4","scheme":"","title_tag":"h2","small_style":"a","columns":"","space_below":"none","cat_labels":"","title_lines":"","excerpts":"1","excerpt_lines":"","excerpt_length":"15","content_center":"0","show_media":"1","media_ratio":"","read_more":"","reviews":"","show_post_formats":"1","post_formats_pos":"","meta_items_default":"1","meta_cat_style":"text","meta_author_img":"0","show_title":"1","container_width":"33","query_type":"custom","sort_by":"","sort_order":"desc","offset":"","reviews_only":"0","tags":"","post_ids":"","exclude_tags":"","exclude_ids":"","taxonomy":"","post_type":"post","heading_type":"","heading_colors":"","heading_link":"","heading_more_text":"","heading_more_link":"","heading_tag":"h4","column_gap":"","separators":"0","heading_align":"left"},"bunyad-social-2":{"title":"Stay In Touch","style":"a-2","counters":"","social":["facebook","youtube","tiktok","whatsapp","twitter","instagram"]},"smartmag-block-grid-2":{"heading":"Latest Reviews","posts":"3","pagination":"0","scheme":"","title_tag":"h2","style":"sm","columns":"1","space_below":"none","cat_labels":"","title_lines":"","excerpts":"0","content_center":"0","show_media":"1","media_location":"","media_ratio":"","media_embed":"0","numbers":"a","read_more":"","reviews":"","show_post_formats":"1","post_formats_pos":"","show_content":"1","meta_items_default":"1","meta_cat_style":"text","meta_author_img":"0","show_title":"1","container_width":"33","carousel":"0","carousel_arrows":"b","query_type":"custom","sort_by":"","sort_order":"desc","offset":"","reviews_only":"1","tags":"","post_ids":"","exclude_tags":"","exclude_ids":"","taxonomy":"","post_type":"post","query_id":"","heading_type":"","heading_colors":"","heading_link":"","heading_more_text":"","heading_more_link":"","heading_tag":"h4","column_gap":"","css_column_gap":"","css_row_gap":"","separators_cols":"0","heading_align":"left","has_css":"1"},"smartmag-block-codes-3":{"widget_title":"","code":"<a href=\"https:\/\/theme-sphere.com\/buy\/go.php?theme=smartmag\" target=\"_blank\">\r\n<img src=\"https:\/\/smartmag.theme-sphere.com\/tech-1\/wp-content\/uploads\/sites\/7\/2021\/01\/300x600-banner-tech-02.jpg\" width=\"300\" height=\"600\" alt=\"Demo\" \/>\r\n<\/a>","code_amp":"","label":""}},"smartmag-off-canvas":{"smartmag-block-newsletter-2":{"widget_title":"","headline":"Subscribe to Updates","service":"","custom_form":"","message":"Get the latest creative news from FooBar about art, design and business.","submit_url":"","disclaimer":"By signing up, you agree to the our terms and our <a href=\"#\">Privacy Policy<\/a> agreement.","checkbox":"1","image_type":"none","image":"","image_2x":"","style":"b","scheme":"light","fields_style":"full","container":"sm","align":"center","icon":""},"smartmag-block-posts-small-7":{"heading":"What's Hot","posts":"3","pagination":"0","scheme":"","title_tag":"h4","columns":"","space_below":"none","cat_labels":"","title_lines":"","show_media":"1","media_pos":"left","media_ratio":"","reviews":"","show_post_formats":"0","meta_items_default":"1","meta_cat_style":"text","meta_author_img":"0","show_title":"1","style":"a","container_width":"33","carousel":"0","carousel_arrows":"b","query_type":"custom","sort_by":"","sort_order":"desc","offset":"","reviews_only":"0","tags":"","post_ids":"","taxonomy":"","post_type":"post","heading_type":"","heading_colors":"","heading_link":"","heading_more_text":"","heading_more_link":"","column_gap":"","css_column_gap":"","css_row_gap":"","separators":"1","heading_align":"left","has_css":"1"}},"main-footer":{"smartmag-block-posts-small-8":{"heading":"Most Popular","posts":"3","pagination":"0","scheme":"","title_tag":"h4","columns":"","space_below":"none","cat_labels":"","title_lines":"","show_media":"1","media_pos":"left","media_ratio":"","reviews":"","show_post_formats":"0","meta_items_default":"0","meta_below":["date","views"],"meta_cat_style":"text","meta_author_img":"0","show_title":"1","style":"a","container_width":"33","carousel":"0","carousel_arrows":"b","query_type":"custom","sort_by":"views","sort_order":"desc","offset":"","reviews_only":"0","tags":"","post_ids":"","exclude_tags":"","exclude_ids":"","taxonomy":"","post_type":"post","heading_type":"","heading_colors":"","heading_link":"","heading_more_text":"","heading_more_link":"","heading_tag":"h4","column_gap":"","css_column_gap":"","css_row_gap":"","separators":"1","separators_cols":"0","heading_align":"left","has_css":"1"},"smartmag-block-posts-small-2":{"heading":"Our Picks","posts":"3","pagination":"0","pagination_type":"numbers-ajax","pagination_links":"1","scheme":"","title_tag":"h4","columns":"","space_below":"none","cat_labels":"","cat_labels_pos":"","title_lines":"","excerpt_lines":"","excerpt_length":"15","show_media":"1","media_pos":"left","media_ratio":"","reviews":"","show_post_formats":"0","meta_items_default":"1","meta_cat_style":"text","meta_author_img":"0","show_title":"1","style":"a","container_width":"33","carousel":"0","carousel_slides":"","carousel_slides_md":"","carousel_slides_sm":"","carousel_arrows":"b","carousel_dots":"1","carousel_autoplay":"0","carousel_play_speed":"","query_type":"custom","sort_by":"","sort_days":"30","sort_order":"desc","offset":"","reviews_only":"0","tags":"","post_ids":"","exclude_tags":"","exclude_ids":"","taxonomy":"","tax_ids":"","post_type":"post","heading_type":"","heading_colors":"","heading_link":"","heading_more_text":"","heading_more_link":"","heading_tag":"h4","column_gap":"","css_column_gap":"","css_row_gap":"","separators":"1","heading_align":"left","load_more_style":"","has_css":"1"},"smartmag-block-newsletter-4":{"widget_title":"","headline":"Subscribe to Updates","service":"","custom_form":"","message":"Get the latest creative news from FooBar about art, design and business.","submit_text":"Subscribe","submit_url":"","disclaimer":"By signing up, you agree to the our terms and our <a href=\"#\">Privacy Policy<\/a> agreement.","checkbox":"1","image_type":"none","image":"","image_2x":"","style":"b","scheme":"light","fields_style":"full","container":"sm","align":"center","icon":""}}}