{"smartmag-bbpress":{"smartmag-block-posts-small-3":{"heading":"Blog Posts","posts":"4","pagination":"0","scheme":"","title_tag":"h4","columns":"","space_below":"none","cat_labels":"","title_lines":"","show_media":"1","media_pos":"left","media_ratio":"","reviews":"","show_post_formats":"0","meta_items_default":"1","meta_cat_style":"text","meta_author_img":"0","show_title":"1","style":"a","container_width":"33","carousel":"0","carousel_arrows":"b","query_type":"custom","sort_by":"","sort_order":"desc","offset":"","reviews_only":"0","tags":"","post_ids":"","taxonomy":"","post_type":"post","heading_type":"","heading_colors":"","heading_link":"","heading_more_text":"","heading_more_link":"","column_gap":"","css_column_gap":"","css_row_gap":"","separators":"1","heading_align":"left","has_css":"1"}},"smartmag-primary":{"smartmag-block-grid-2":{"heading":"Top Posts","posts":"3","pagination":"0","pagination_type":"numbers-ajax","scheme":"","title_tag":"h3","style":"sm","large_style":"","columns":"1","space_below":"none","cat_labels":"","cat_labels_pos":"","title_lines":"","excerpts":"0","excerpt_length":"15","content_center":"0","show_media":"1","media_location":"","media_ratio":"","media_embed":"0","numbers":"a","read_more":"","reviews":"none","show_post_formats":"1","post_formats_pos":"","show_content":"1","meta_items_default":"0","meta_below":["date"],"meta_cat_style":"text","meta_author_img":"0","show_title":"1","container_width":"33","carousel":"0","carousel_slides":"","carousel_slides_md":"","carousel_slides_sm":"","carousel_arrows":"b","carousel_dots":"1","carousel_autoplay":"0","carousel_play_speed":"","query_type":"custom","sort_by":"","sort_days":"30","sort_order":"desc","offset":"","reviews_only":"1","tags":"","post_ids":"","exclude_ids":"","taxonomy":"","tax_ids":"","post_type":"post","heading_type":"","heading_colors":"","heading_link":"","heading_more_text":"","heading_more_link":"","heading_tag":"h4","column_gap":"","css_column_gap":"","css_row_gap":"","heading_align":"left","load_more_style":"","has_css":"1"},"smartmag-block-newsletter-3":{"widget_title":"","headline":"Subscribe to Updates","service":"","message":"Get the latest sports news from SportsSite about soccer, football and tennis.","disclaimer":"By signing up, you agree to the our terms and our <a href=\"#\">Privacy Policy<\/a> agreement.","checkbox":"1","image_type":"none","style":"b","scheme":"light","fields_style":"full","container":"sm","align":"center","icon":""},"smartmag-block-codes-4":{"widget_title":"","code":"<a href=\"https:\/\/theme-sphere.com\/buy\/go.php?theme=smartmag\" target=\"_blank\">\r\n<img src=\"https:\/\/smartmag.theme-sphere.com\/financial\/wp-content\/uploads\/sites\/16\/2021\/06\/300x250-banner-ad-001@2x.jpg\" width=\"300\" height=\"250\" alt=\"Demo\" \/>\r\n<\/a>","code_amp":"","label":"Advertisement"}},"smartmag-off-canvas":{"smartmag-block-posts-small-7":{"heading":"What's Hot","posts":"3","pagination":"0","scheme":"","title_tag":"h4","columns":"","space_below":"none","cat_labels":"","title_lines":"","show_media":"1","media_pos":"left","media_ratio":"","reviews":"","show_post_formats":"0","meta_items_default":"1","meta_cat_style":"text","meta_author_img":"0","show_title":"1","style":"a","container_width":"33","carousel":"0","carousel_arrows":"b","query_type":"custom","sort_by":"","sort_order":"desc","offset":"","reviews_only":"0","tags":"","post_ids":"","taxonomy":"","post_type":"post","heading_type":"","heading_colors":"","heading_link":"","heading_more_text":"","heading_more_link":"","column_gap":"","css_column_gap":"","css_row_gap":"","separators":"1","heading_align":"left","has_css":"1"}},"main-footer":{"bunyad_about_widget-2":{"title":"","text":"Your source for the serious news. This demo is crafted specifically to exhibit the use of the theme as a news site. Visit our main page for more demos.\r\n\r\nWe're social. Connect with us:","logo_text":"","image":"https:\/\/smartmag.theme-sphere.com\/financial\/wp-content\/uploads\/sites\/16\/2021\/06\/lofo-financial-small.png","image_2x":"https:\/\/smartmag.theme-sphere.com\/financial\/wp-content\/uploads\/sites\/16\/2021\/06\/lofo-financial-small@2x.png","image_type":"logo","social":["facebook","twitter","instagram","pinterest","youtube"],"image_circle":0},"smartmag-block-posts-small-8":{"heading":"Top Insights","posts":"3","pagination":"0","scheme":"","title_tag":"h4","columns":"","space_below":"none","cat_labels":"","title_lines":"","show_media":"1","media_pos":"left","media_ratio":"","reviews":"","show_post_formats":"0","meta_items_default":"1","meta_cat_style":"text","meta_author_img":"0","show_title":"1","style":"a","container_width":"33","carousel":"0","carousel_arrows":"b","query_type":"custom","sort_by":"","sort_order":"desc","offset":"","reviews_only":"0","tags":"insights","post_ids":"","exclude_ids":"","taxonomy":"","post_type":"post","heading_type":"","heading_colors":"","heading_link":"","heading_more_text":"","heading_more_link":"","heading_tag":"h4","column_gap":"","css_column_gap":"","css_row_gap":"","separators":"1","heading_align":"left","has_css":"1"},"smartmag-block-newsletter-4":{"widget_title":"Get Informed","headline":"Subscribe to Updates","service":"","message":"Get the latest creative news from FooBar about art, design and business.","disclaimer":"Agree to the our terms and <a href=\"#\">policy<\/a> agreement.","checkbox":"1","image_type":"none","style":"c","scheme":"light","fields_style":"full","container":"xs","align":"center","icon":"mail-bg"}}}