{"smartmag-bbpress":{"smartmag-block-posts-small-3":{"heading":"Blog Posts","posts":"4","pagination":"0","scheme":"","title_tag":"h4","columns":"","space_below":"none","cat_labels":"","title_lines":"","show_media":"1","media_pos":"left","media_ratio":"","reviews":"","show_post_formats":"0","meta_items_default":"1","meta_cat_style":"text","meta_author_img":"0","show_title":"1","style":"a","container_width":"33","carousel":"0","carousel_arrows":"b","query_type":"custom","sort_by":"","sort_order":"desc","offset":"","reviews_only":"0","tags":"","post_ids":"","taxonomy":"","post_type":"post","heading_type":"","heading_colors":"","heading_link":"","heading_more_text":"","heading_more_link":"","column_gap":"","css_column_gap":"","css_row_gap":"","separators":"1","heading_align":"left","has_css":"1"}},"smartmag-primary":{"smartmag-block-posts-small-6":{"heading":"Editors Picks","posts":"4","pagination":"0","pagination_type":"numbers-ajax","scheme":"","title_tag":"h4","columns":"1","space_below":"none","cat_labels":"","cat_labels_pos":"","title_lines":"","excerpt_length":"15","show_media":"1","media_pos":"left","media_ratio":"","reviews":"","show_post_formats":"0","meta_items_default":"1","meta_cat_style":"text","meta_author_img":"0","show_title":"1","style":"a","container_width":"33","carousel":"0","carousel_slides":"","carousel_slides_md":"","carousel_slides_sm":"","carousel_arrows":"b","carousel_dots":"1","carousel_autoplay":"0","carousel_play_speed":"","query_type":"custom","sort_by":"","sort_days":"30","sort_order":"desc","offset":"","reviews_only":"0","tags":"Picks","post_ids":"","taxonomy":"","tax_ids":"","post_type":"post","heading_type":"","heading_colors":"","heading_link":"","heading_more_text":"","heading_more_link":"","column_gap":"","css_column_gap":"","css_row_gap":"","separators":"1","heading_align":"left","has_css":"1"},"smartmag-block-grid-2":{"heading":"Latest Posts","posts":"3","pagination":"0","scheme":"","title_tag":"h3","style":"sm","columns":"1","space_below":"none","cat_labels":"","title_lines":"","excerpts":"0","show_media":"1","media_location":"","media_ratio":"","media_embed":"0","numbers":"a","read_more":"","reviews":"none","show_post_formats":"1","post_formats_pos":"","show_content":"1","meta_items_default":"0","meta_below":["date"],"meta_cat_style":"text","meta_author_img":"0","show_title":"1","container_width":"33","carousel":"0","carousel_arrows":"b","query_type":"custom","sort_by":"","sort_order":"desc","offset":"","reviews_only":"1","tags":"","post_ids":"","taxonomy":"","post_type":"post","heading_type":"","heading_colors":"","heading_link":"","heading_more_text":"","heading_more_link":"","column_gap":"","css_column_gap":"","css_row_gap":"","heading_align":"left","has_css":"1"},"smartmag-block-newsletter-3":{"widget_title":"","headline":"Subscribe to Updates","service":"","message":"Get the latest sports news from SportsSite about soccer, football and tennis.","disclaimer":"By signing up, you agree to the our terms and our <a href=\"#\">Privacy Policy<\/a> agreement.","checkbox":"1","image_type":"none","style":"c","scheme":"light","fields_style":"full","container":"sm","align":"center","icon":"mail-top"},"smartmag-block-codes-2":{"widget_title":"","code":"<a href=\"http:\/\/theme-sphere.com\/buy\/go.php?theme=smartmag\" target=\"_blank\"><img src=\"https:\/\/smartmag.theme-sphere.com\/tech-1\/wp-content\/uploads\/sites\/7\/2021\/01\/300x600-banner-tech-02.jpg\" width=\"300\" height=\"600\" alt=\"Demo\" \/><\/a>","code_amp":"","label":"Advertisement"}},"smartmag-off-canvas":{"smartmag-block-posts-small-7":{"heading":"What's Hot","posts":"3","pagination":"0","scheme":"","title_tag":"h4","columns":"","space_below":"none","cat_labels":"","title_lines":"","show_media":"1","media_pos":"left","media_ratio":"","reviews":"","show_post_formats":"0","meta_items_default":"1","meta_cat_style":"text","meta_author_img":"0","show_title":"1","style":"a","container_width":"33","carousel":"0","carousel_arrows":"b","query_type":"custom","sort_by":"","sort_order":"desc","offset":"","reviews_only":"0","tags":"","post_ids":"","taxonomy":"","post_type":"post","heading_type":"","heading_colors":"","heading_link":"","heading_more_text":"","heading_more_link":"","column_gap":"","css_column_gap":"","css_row_gap":"","separators":"1","heading_align":"left","has_css":"1"}},"main-footer":{"bunyad_about_widget-2":{"title":"","text":"Your source for the serious news. This demo is crafted specifically to exhibit the use of the theme as a news site. Visit our main page for more demos.\r\n\r\nWe're social. Connect with us:","logo_text":"","image":"https:\/\/smartmag.theme-sphere.com\/news\/wp-content\/uploads\/sites\/11\/2021\/02\/observer-logo-psd-white-footer.png","image_2x":"https:\/\/smartmag.theme-sphere.com\/news\/wp-content\/uploads\/sites\/11\/2021\/02\/observer-logo-psd-white-footer@2x.png","image_type":"logo","social":["facebook","twitter","instagram","pinterest","youtube"],"image_circle":0},"nav_menu-2":{"title":"Services","nav_menu":83},"nav_menu-3":{"title":"Coverage","nav_menu":84},"smartmag-block-newsletter-4":{"widget_title":"","headline":"Subscribe to Updates","service":"","message":"Get the latest creative news from FooBar about art, design and business.","disclaimer":"Agree to the our terms and <a href=\"#\">policy<\/a> agreement.","checkbox":"1","image_type":"none","style":"c","scheme":"light","fields_style":"full","container":"xs","align":"center","icon":"mail-bg"}}}