{"smartmag-bbpress":{"smartmag-block-posts-small-3":{"heading":"Blog Posts","posts":"4","pagination":"0","scheme":"","title_tag":"h4","columns":"","space_below":"none","cat_labels":"","title_lines":"","show_media":"1","media_pos":"left","media_ratio":"","reviews":"","show_post_formats":"0","meta_items_default":"1","meta_cat_style":"text","meta_author_img":"0","show_title":"1","style":"a","container_width":"33","carousel":"0","carousel_arrows":"b","query_type":"custom","sort_by":"","sort_order":"desc","offset":"","reviews_only":"0","tags":"","post_ids":"","taxonomy":"","post_type":"post","heading_type":"","heading_colors":"","heading_link":"","heading_more_text":"","heading_more_link":"","column_gap":"","css_column_gap":"","css_row_gap":"","separators":"1","heading_align":"left","has_css":"1"}},"smartmag-primary":{"smartmag-block-codes-2":{"widget_title":"","code":"<a href=\"https:\/\/theme-sphere.com\/buy\/go.php?theme=smartmag\" target=\"_blank\">\r\n<img src=\"https:\/\/smartmag.theme-sphere.com\/news-bulletin\/wp-content\/uploads\/sites\/26\/2021\/11\/Smart-Woman.jpg\" width=\"336\" height=\"280\" alt=\"Demo\" \/>\r\n<\/a>","code_amp":"","label":""},"smartmag-block-posts-small-6":{"heading":"\u0627\u0644\u0623\u062e\u064a\u0631\u0629","posts":"4","pagination":"0","scheme":"","title_tag":"h4","columns":"","space_below":"none","cat_labels":"","title_lines":"","show_media":"1","media_pos":"left","media_ratio":"","reviews":"","show_post_formats":"0","meta_items_default":"1","meta_cat_style":"text","meta_author_img":"0","show_title":"1","style":"a","container_width":"33","carousel":"0","carousel_arrows":"b","query_type":"custom","sort_by":"views","sort_order":"desc","offset":"","reviews_only":"0","tags":"","post_ids":"","exclude_tags":"","exclude_ids":"","taxonomy":"","post_type":"post","query_id":"","heading_type":"","heading_colors":"","heading_link":"","heading_more_text":"","heading_tag":"h4","column_gap":"","css_column_gap":"","css_row_gap":"","separators":"1","separators_cols":"0","heading_align":"left","has_css":"1"},"smartmag-block-highlights-2":{"heading":"\u0623\u062e\u0628\u0627\u0631 \u062e\u0627\u0635\u0629","posts":"3","pagination":"0","scheme":"","title_tag":"h2","small_style":"a","columns":"","space_below":"none","cat_labels":"","title_lines":"","excerpts":"1","excerpt_lines":"","excerpt_length":"15","content_center":"0","show_media":"1","media_ratio":"","read_more":"","reviews":"","show_post_formats":"1","post_formats_pos":"","meta_items_default":"1","meta_cat_style":"text","meta_author_img":"0","show_title":"1","container_width":"33","query_type":"custom","sort_by":"","sort_order":"desc","offset":"","reviews_only":"0","tags":"","post_ids":"","exclude_tags":"","exclude_ids":"","taxonomy":"","post_type":"post","query_id":"","heading_type":"","heading_colors":"","heading_link":"","heading_more_text":"","heading_tag":"h4","column_gap":"","separators":"1","separators_cols":"0","heading_align":"left"},"bunyad-social-2":{"title":"\u0625\u062a\u0628\u0639\u0646\u0627","style":"b-2","counters":"","social":["facebook","youtube","tiktok","whatsapp","twitter","instagram"]},"smartmag-block-grid-2":{"heading":"\u0627\u0644\u0623\u0643\u062b\u0631 \u0642\u0631\u0627\u0621\u0629","posts":"3","pagination":"0","scheme":"","title_tag":"h2","style":"","columns":"1","space_below":"none","cat_labels":"","title_lines":"","excerpts":"0","content_center":"0","show_media":"1","media_location":"","media_ratio":"","media_embed":"0","numbers":"a","read_more":"","reviews":"","show_post_formats":"1","post_formats_pos":"","show_content":"1","meta_items_default":"1","meta_cat_style":"text","meta_author_img":"0","show_title":"1","container_width":"33","carousel":"0","carousel_arrows":"b","query_type":"custom","sort_by":"","sort_order":"desc","offset":"","reviews_only":"1","tags":"","post_ids":"","exclude_tags":"","exclude_ids":"","taxonomy":"","post_type":"post","query_id":"","heading_type":"","heading_colors":"","heading_link":"","heading_more_text":"","heading_tag":"h4","column_gap":"","css_column_gap":"","css_row_gap":"","separators_cols":"0","heading_align":"left","has_css":"1"},"smartmag-block-codes-3":{"widget_title":"","code":"<a href=\"https:\/\/theme-sphere.com\/buy\/go.php?theme=smartmag\" target=\"_blank\">\r\n<img src=\"https:\/\/smartmag.theme-sphere.com\/tech-1\/wp-content\/uploads\/sites\/7\/2021\/01\/300x600-banner-tech-02.jpg\" width=\"300\" height=\"600\" alt=\"Demo\" \/>\r\n<\/a>","code_amp":"","label":""}},"smartmag-off-canvas":{"smartmag-block-newsletter-2":{"widget_title":"","headline":"\u0627\u0634\u062a\u0631\u0643 \u0641\u064a \u0646\u0634\u0631\u062a\u0646\u0627 \u0627\u0644\u0625\u0644\u0643\u062a\u0631\u0648\u0646\u064a\u0629 \u0645\u062c\u0627\u0646\u0627\u064b","service":"","message":"\u0627\u0634\u062a\u0631\u0643 \u0641\u064a \u0646\u0634\u0631\u062a\u0646\u0627 \u0627\u0644\u0625\u0644\u0643\u062a\u0631\u0648\u0646\u064a\u0629 \u0645\u062c\u0627\u0646\u0627\u064b.","submit_text":"\u0625\u0634\u062a\u0631\u0643","disclaimer":"","checkbox":"0","image_type":"none","style":"b","scheme":"light","fields_style":"full","container":"sm","align":"center","icon":"mail"},"smartmag-block-posts-small-7":{"heading":"\u0627\u062e\u062a\u064a\u0627\u0631\u0627\u062a \u0627\u0644\u0645\u062d\u0631\u0631","posts":"3","pagination":"0","scheme":"","title_tag":"h4","columns":"","space_below":"none","cat_labels":"","title_lines":"","show_media":"1","media_pos":"left","media_ratio":"","reviews":"","show_post_formats":"0","meta_items_default":"1","meta_cat_style":"text","meta_author_img":"0","show_title":"1","style":"a","container_width":"33","carousel":"0","carousel_arrows":"b","query_type":"custom","sort_by":"","sort_order":"desc","offset":"","reviews_only":"0","tags":"","post_ids":"","exclude_tags":"","exclude_ids":"","taxonomy":"","post_type":"post","query_id":"","heading_type":"","heading_colors":"","heading_link":"","heading_more_text":"","heading_tag":"h4","column_gap":"","css_column_gap":"","css_row_gap":"","separators":"1","separators_cols":"0","heading_align":"left","has_css":"1"}},"main-footer":{"smartmag-block-posts-small-8":{"heading":"\u0627\u0644\u0623\u0643\u062b\u0631 \u0645\u0634\u0627\u0647\u062f\u0629","posts":"3","pagination":"0","scheme":"","title_tag":"h4","columns":"","space_below":"none","cat_labels":"","title_lines":"","show_media":"1","media_pos":"left","media_ratio":"","reviews":"","show_post_formats":"0","meta_items_default":"0","meta_below":["date","views"],"meta_cat_style":"text","meta_author_img":"0","show_title":"1","style":"a","container_width":"33","carousel":"0","carousel_arrows":"b","query_type":"custom","sort_by":"views","sort_order":"desc","offset":"","reviews_only":"0","tags":"","post_ids":"","exclude_tags":"","exclude_ids":"","taxonomy":"","post_type":"post","query_id":"","heading_type":"","heading_colors":"","heading_link":"","heading_more_text":"","heading_tag":"h4","column_gap":"","css_column_gap":"","css_row_gap":"","separators":"1","separators_cols":"0","heading_align":"left","has_css":"1"},"smartmag-block-posts-small-2":{"heading":"\u0627\u062e\u062a\u064a\u0627\u0631\u0627\u062a \u0627\u0644\u0645\u062d\u0631\u0631","posts":"3","pagination":"0","scheme":"","title_tag":"h4","columns":"","space_below":"none","cat_labels":"","title_lines":"","show_media":"1","media_pos":"left","media_ratio":"","reviews":"","show_post_formats":"0","meta_items_default":"1","meta_cat_style":"text","meta_author_img":"0","show_title":"1","style":"a","container_width":"33","carousel":"0","carousel_arrows":"b","query_type":"custom","sort_by":"","sort_order":"desc","offset":"","reviews_only":"0","tags":"","post_ids":"","exclude_tags":"","exclude_ids":"","taxonomy":"","post_type":"post","query_id":"","heading_type":"","heading_colors":"","heading_link":"","heading_more_text":"","heading_tag":"h4","column_gap":"","css_column_gap":"","css_row_gap":"","separators":"1","separators_cols":"0","heading_align":"left","has_css":"1"},"smartmag-block-newsletter-4":{"widget_title":"","headline":"\u0645\u0639 \u0643\u0644 \u0645\u062a\u0627\u0628\u0639\u0629 \u062c\u062f\u064a\u062f\u0629","service":"","message":"\u0627\u0634\u062a\u0631\u0643 \u0641\u064a \u0646\u0634\u0631\u062a\u0646\u0627 \u0627\u0644\u0625\u0644\u0643\u062a\u0631\u0648\u0646\u064a\u0629 \u0645\u062c\u0627\u0646\u0627\u064b","submit_text":"\u0625\u0634\u062a\u0631\u0643","disclaimer":"","checkbox":"0","image_type":"none","style":"b","scheme":"light","fields_style":"full","container":"lg","align":"center","icon":"mail"}}}