{"smartmag-bbpress":{"smartmag-block-posts-small-3":{"heading":"Blog Posts","posts":"4","pagination":"0","scheme":"","title_tag":"h4","columns":"","space_below":"none","cat_labels":"","title_lines":"","show_media":"1","media_pos":"left","media_ratio":"","reviews":"","show_post_formats":"0","meta_items_default":"1","meta_cat_style":"text","meta_author_img":"0","show_title":"1","style":"a","container_width":"33","carousel":"0","carousel_arrows":"b","query_type":"custom","sort_by":"","sort_order":"desc","offset":"","reviews_only":"0","tags":"","post_ids":"","taxonomy":"","post_type":"post","heading_type":"","heading_colors":"","heading_link":"","heading_more_text":"","heading_more_link":"","column_gap":"","css_column_gap":"","css_row_gap":"","separators":"1","heading_align":"left","has_css":"1"}},"smartmag-primary":{"smartmag-block-grid-2":{"heading":"Top Reviews","posts":"3","pagination":"0","scheme":"","title_tag":"h3","style":"","columns":"1","space_below":"none","cat_labels":"","title_lines":"","excerpts":"0","content_center":"0","show_media":"1","media_location":"","media_ratio":"","media_embed":"0","numbers":"a","read_more":"","reviews":"","show_post_formats":"1","post_formats_pos":"","show_content":"1","meta_items_default":"0","meta_below":["author"],"meta_cat_style":"text","meta_author_img":"0","show_title":"1","container_width":"33","carousel":"0","carousel_arrows":"b","query_type":"custom","sort_by":"rating","sort_order":"desc","offset":"","reviews_only":"1","tags":"","post_ids":"","exclude_tags":"","exclude_ids":"","taxonomy":"","post_type":"post","query_id":"","heading_type":"","heading_colors":"","heading_link":"","heading_more_text":"","heading_more_link":"","heading_tag":"h4","column_gap":"","css_column_gap":"","css_row_gap":"","separators_cols":"0","heading_align":"left","has_css":"1"},"smartmag-block-posts-small-6":{"heading":"Editors Picks","posts":"4","pagination":"0","pagination_type":"numbers-ajax","pagination_links":"1","scheme":"","title_tag":"h4","columns":"1","space_below":"none","cat_labels":"","cat_labels_pos":"","title_lines":"","excerpt_lines":"","excerpt_length":"15","show_media":"1","media_pos":"left","media_ratio":"","reviews":"","show_post_formats":"0","meta_items_default":"1","meta_cat_style":"text","meta_author_img":"0","show_title":"1","style":"a","container_width":"33","carousel":"0","carousel_slides":"","carousel_slides_md":"","carousel_slides_sm":"","carousel_arrows":"b","carousel_dots":"1","carousel_autoplay":"0","carousel_play_speed":"","query_type":"custom","sort_by":"","sort_days":"30","sort_order":"desc","offset":"","reviews_only":"0","tags":"","post_ids":"","exclude_tags":"","exclude_ids":"","taxonomy":"","tax_ids":"","post_type":"post","query_id":"","heading_type":"","heading_colors":"","heading_link":"","heading_more_text":"","heading_more_link":"","heading_tag":"h4","column_gap":"","css_column_gap":"","css_row_gap":"","separators":"1","separators_cols":"0","heading_align":"left","load_more_style":"","has_css":"1"},"smartmag-block-codes-2":{"widget_title":"","code":"<a href=\"http:\/\/theme-sphere.com\/buy\/go.php?theme=smartmag\" target=\"_blank\"><img src=\"https:\/\/smartmag.theme-sphere.com\/tech-1\/wp-content\/uploads\/sites\/7\/2021\/01\/300x600-banner-tech-02.jpg\" width=\"300\" height=\"600\" alt=\"Demo\" \/><\/a>","code_amp":"","label":"Advertisement"}},"smartmag-off-canvas":{"smartmag-block-newsletter-2":{"widget_title":"","headline":"Subscribe to Updates","service":"","custom_form":"","message":"Get the latest creative news from FooBar about art, design and business.","submit_url":"","disclaimer":"By signing up, you agree to the our terms and our <a href=\"#\">Privacy Policy<\/a> agreement.","checkbox":"1","image_type":"none","image":"","image_2x":"","style":"b","scheme":"light","fields_style":"full","container":"sm","align":"center","icon":""},"smartmag-block-posts-small-7":{"heading":"What's Hot","posts":"3","pagination":"0","scheme":"","title_tag":"h4","columns":"","space_below":"none","cat_labels":"","title_lines":"","show_media":"1","media_pos":"left","media_ratio":"","reviews":"","show_post_formats":"0","meta_items_default":"1","meta_cat_style":"text","meta_author_img":"0","show_title":"1","style":"a","container_width":"33","carousel":"0","carousel_arrows":"b","query_type":"custom","sort_by":"","sort_order":"desc","offset":"","reviews_only":"0","tags":"","post_ids":"","taxonomy":"","post_type":"post","heading_type":"","heading_colors":"","heading_link":"","heading_more_text":"","heading_more_link":"","column_gap":"","css_column_gap":"","css_row_gap":"","separators":"1","heading_align":"left","has_css":"1"}},"main-footer":{"bunyad_about_widget-2":{"title":"About Us","text":"Your source for the lifestyle news. This demo is crafted specifically to exhibit the use of the theme as a lifestyle site. Visit our main page for more demos.\r\n\r\nWe're accepting new partnerships right now.\r\n\r\n<strong>Email Us:<\/strong> info@example.com\r\n<strong>Contact:<\/strong> +1-320-0123-451","logo_text":"","image":"https:\/\/smartmag.theme-sphere.com\/tech-drop\/wp-content\/uploads\/sites\/33\/2022\/10\/techDrop-logo-02-white.png","image_2x":"https:\/\/smartmag.theme-sphere.com\/tech-drop\/wp-content\/uploads\/sites\/33\/2022\/10\/techDrop-logo-2x-01-white.png","image_type":"logo","image_circle":0},"smartmag-block-posts-small-2":{"heading":"Our Picks","posts":"3","pagination":"0","pagination_type":"numbers-ajax","pagination_links":"1","scheme":"","title_tag":"h4","columns":"","space_below":"none","cat_labels":"","cat_labels_pos":"","title_lines":"","excerpt_lines":"","excerpt_length":"15","show_media":"1","media_pos":"left","media_ratio":"","reviews":"","show_post_formats":"0","meta_items_default":"1","meta_cat_style":"text","meta_author_img":"0","show_title":"1","style":"a","container_width":"33","carousel":"0","carousel_slides":"","carousel_slides_md":"","carousel_slides_sm":"","carousel_arrows":"b","carousel_dots":"1","carousel_autoplay":"0","carousel_play_speed":"","query_type":"custom","sort_by":"","sort_days":"30","sort_order":"desc","offset":"","reviews_only":"0","tags":"","post_ids":"","exclude_tags":"","exclude_ids":"","taxonomy":"","tax_ids":"","post_type":"post","query_id":"","heading_type":"","heading_colors":"","heading_link":"","heading_more_text":"","heading_more_link":"","heading_tag":"h4","column_gap":"","css_column_gap":"","css_row_gap":"","separators":"1","separators_cols":"0","heading_align":"left","load_more_style":"","has_css":"1"},"smartmag-block-posts-small-8":{"heading":"Top Reviews","posts":"3","pagination":"0","scheme":"","title_tag":"h4","columns":"","space_below":"none","cat_labels":"","title_lines":"","show_media":"1","media_pos":"left","media_ratio":"","reviews":"","show_post_formats":"0","meta_items_default":"1","meta_cat_style":"text","meta_author_img":"0","show_title":"1","style":"a","container_width":"33","carousel":"0","carousel_arrows":"b","query_type":"custom","sort_by":"rating","sort_order":"desc","offset":"","reviews_only":"1","tags":"","post_ids":"","exclude_tags":"","exclude_ids":"","taxonomy":"","post_type":"post","query_id":"","heading_type":"","heading_colors":"","heading_link":"","heading_more_text":"","heading_more_link":"","heading_tag":"h4","column_gap":"","css_column_gap":"","css_row_gap":"","separators":"1","separators_cols":"0","heading_align":"left","has_css":"1"}}}