{"smartmag-primary":{"bunyad-latest-posts-widget-5":{"title":"Our Picks","category":"19","number":"4"},"bunyad-social-3":{"title":"","style":"a","social":["facebook","twitter","instagram","pinterest"],"csb_visibility":{"action":"show","conditions":{"guest":[],"date":[],"roles":[],"pagetypes":[],"posttypes":[],"membership":[],"membership2":[],"prosite":[],"pt-post":[],"pt-page":[],"pt-elementor_library":[],"tax-category":[],"tax-post_tag":[],"tax-post_format":[]},"always":true},"csb_clone":{"group":"50","state":"ok"}},"bunyad-blocks-widget-4":{"title":"Don't Miss","posts":"4","sort_by":"","sort_order":"desc","block":"highlights","cats":["4"],"cat_labels":"0","tags":"","offset":"2","post_type":""}},"main-footer":{"bunyad_about_widget-2":{"title":"About","text":"Your source for the lifestyle news. This demo is crafted specifically to exhibit the use of the theme as a lifestyle site. Visit our main page for more demos.\r\n\r\nWe're social, connect with us:","logo_text":"","image":"https:\/\/smartmag.theme-sphere.com\/trendy\/wp-content\/uploads\/sites\/5\/2017\/01\/sm-logo-footer.png","image_2x":"","image_type":"logo","social":["facebook","twitter","pinterest","linkedin","vk"],"image_circle":0,"csb_visibility":{"action":"show","conditions":{"guest":[],"date":[],"roles":[],"pagetypes":[],"posttypes":[],"membership":[],"membership2":[],"prosite":[],"pt-post":[],"pt-page":[],"pt-elementor_library":[],"tax-category":[],"tax-post_tag":[],"tax-post_format":[]},"always":true},"csb_clone":{"group":"51","state":"ok"}},"bunyad-latest-posts-widget-4":{"title":"Popular Posts","category":"0","number":"3"},"bunyad_flickr_widget-2":{"title":"From Flickr","user_id":"53228952@N08","show_num":12,"tags":""}}}