{"top-bar":{"nav_menu-2":{"nav_menu":3},"text-2":{"title":"","text":"[social]\r\n\t[social_icon link=\"http:\/\/facebook.com\/themesphere\" title=\"Facebook\" type=\"facebook\" \/]\r\n\t[social_icon link=\"http:\/\/twitter.com\/Theme_Sphere\" title=\"Twitter\" type=\"twitter\" \/]\r\n\t[social_icon link=\"#\" title=\"Google+\" type=\"google-plus\" \/]\r\n\t[social_icon link=\"#\" title=\"LinkedIn\" type=\"linkedin\" \/]\r\n\t[social_icon link=\"#\" title=\"VK\" type=\"vk\" \/]\r\n[\/social]","filter":false}},"lower-footer":{"text-3":{"title":"","text":"Copyright &copy; 2017. Designed by <a href=\"http:\/\/theme-sphere.com\">ThemeSphere<\/a>.","filter":false},"nav_menu-3":{"nav_menu":20}},"cs-2":{"smartmag-block-codes-3":{"widget_title":"","code":"<a href=\"https:\/\/theme-sphere.com\/buy\/go.php?theme=smartmag\" target=\"_blank\"><img src=\"http:\/\/theme-sphere.com\/smart-mag\/demos\/trendy\/wp-content\/uploads\/sites\/3\/2017\/01\/sm-banner-350-2x.jpg\" width=\"300\" alt=\"Sidebar Ad\" \/><\/a>","code_amp":"","label":"","csb_visibility":{"action":"show","conditions":{"guest":[],"date":[],"roles":[],"pagetypes":[],"posttypes":[],"membership":[],"membership2":[],"prosite":[],"pt-post":[],"pt-page":[],"pt-elementor_library":[],"tax-category":[],"tax-post_tag":[],"tax-post_format":[]},"always":true},"csb_clone":{"group":"3","state":"ok"}},"bunyad-social-4":{"title":"","style":"a","social":["facebook","twitter","instagram","pinterest"],"csb_visibility":{"action":"show","conditions":{"guest":[],"date":[],"roles":[],"pagetypes":[],"posttypes":[],"membership":[],"membership2":[],"prosite":[],"pt-post":[],"pt-page":[],"pt-elementor_library":[],"tax-category":[],"tax-post_tag":[],"tax-post_format":[]},"always":true},"csb_clone":{"group":"50","state":"ok"}},"smartmag-block-grid-4":{"heading":"Don't Miss","posts":"4","pagination":"0","scheme":"","title_tag":"h4","style":"sm","columns":"2","space_below":"none","cat_labels":"0","title_lines":"","excerpts":"0","show_media":"1","media_location":"","media_ratio":"","media_embed":"0","numbers":"","read_more":"","reviews":"","show_post_formats":"1","post_formats_pos":"","show_content":"1","meta_items_default":"0","meta_cat_style":"text","meta_author_img":"0","show_title":"1","container_width":"33","carousel":"0","carousel_arrows":"b","query_type":"custom","sort_by":"","sort_order":"desc","offset":"","reviews_only":"0","tags":"","post_ids":"","taxonomy":"","post_type":"post","heading_type":"","heading_colors":"","heading_link":"","heading_more_text":"","heading_more_link":"","column_gap":"sm","css_column_gap":"","css_row_gap":"","heading_align":"left","has_css":"1","csb_visibility":{"action":"show","conditions":{"guest":[],"date":[],"roles":[],"pagetypes":[],"posttypes":[],"membership":[],"membership2":[],"prosite":[],"pt-post":[],"pt-page":[],"pt-elementor_library":[],"tax-category":[],"tax-post_tag":[],"tax-post_format":[]},"always":true},"csb_clone":{"group":"8","state":"ok"}}},"smartmag-primary":{"bunyad-social-3":{"title":"","style":"a","social":["facebook","twitter","instagram","pinterest"],"csb_visibility":{"action":"show","conditions":{"guest":[],"date":[],"roles":[],"pagetypes":[],"posttypes":[],"membership":[],"membership2":[],"prosite":[],"pt-post":[],"pt-page":[],"pt-elementor_library":[],"tax-category":[],"tax-post_tag":[],"tax-post_format":[]},"always":true},"csb_clone":{"group":"53","state":"ok"}},"smartmag-block-grid-5":{"heading":"Don't Miss","posts":"4","pagination":"0","scheme":"","title_tag":"h4","style":"sm","columns":"2","space_below":"none","cat_labels":"0","title_lines":"","excerpts":"0","show_media":"1","media_location":"","media_ratio":"","media_embed":"0","numbers":"","read_more":"","reviews":"","show_post_formats":"1","post_formats_pos":"","show_content":"1","meta_items_default":"0","meta_cat_style":"text","meta_author_img":"0","show_title":"1","container_width":"33","carousel":"0","carousel_arrows":"b","query_type":"custom","sort_by":"","sort_order":"desc","offset":"","reviews_only":"0","tags":"","post_ids":"","taxonomy":"","post_type":"post","heading_type":"","heading_colors":"","heading_link":"","heading_more_text":"","heading_more_link":"","column_gap":"sm","css_column_gap":"","css_row_gap":"","heading_align":"left","has_css":"1","csb_visibility":{"action":"show","conditions":{"guest":[],"date":[],"roles":[],"pagetypes":[],"posttypes":[],"membership":[],"membership2":[],"prosite":[],"pt-post":[],"pt-page":[],"pt-elementor_library":[],"tax-category":[],"tax-post_tag":[],"tax-post_format":[]},"always":true},"csb_clone":{"group":"8","state":"ok"}}},"main-footer":{"bunyad_about_widget-2":{"title":"About","text":"Your source for the lifestyle news. This demo is crafted specifically to exhibit the use of the theme as a lifestyle site. Visit our main page for more demos.\r\n\r\nWe're social, connect with us:","logo_text":"","image":"https:\/\/smartmag.theme-sphere.com\/zine\/wp-content\/uploads\/sites\/4\/2017\/02\/smz-logo-footer-3.png","image_2x":"","image_type":"logo","social":["facebook","twitter","instagram","linkedin","vk"],"image_circle":0,"csb_visibility":{"action":"show","conditions":{"guest":[],"date":[],"roles":[],"pagetypes":[],"posttypes":[],"membership":[],"membership2":[],"prosite":[],"pt-post":[],"pt-page":[],"pt-elementor_library":[],"tax-category":[],"tax-post_tag":[],"tax-post_format":[]},"always":true},"csb_clone":{"group":"1","state":"ok"}},"smartmag-block-posts-small-3":{"heading":"Popular Posts","posts":"3","pagination":"0","scheme":"","title_tag":"h4","columns":"","space_below":"none","cat_labels":"","title_lines":"","show_media":"1","media_pos":"left","media_ratio":"","reviews":"","show_post_formats":"0","meta_items_default":"1","meta_cat_style":"text","meta_author_img":"0","show_title":"1","style":"a","container_width":"33","carousel":"0","carousel_arrows":"b","query_type":"custom","sort_by":"","sort_order":"desc","offset":"","reviews_only":"0","tags":"","post_ids":"","taxonomy":"","post_type":"post","heading_type":"","heading_colors":"","heading_link":"","heading_more_text":"","heading_more_link":"","column_gap":"","css_column_gap":"","css_row_gap":"","separators":"1","heading_align":"left","has_css":"1","csb_visibility":{"action":"show","conditions":{"guest":[],"date":[],"roles":[],"pagetypes":[],"posttypes":[],"membership":[],"membership2":[],"prosite":[],"pt-post":[],"pt-page":[],"pt-elementor_library":[],"tax-category":[],"tax-post_tag":[],"tax-post_format":[]},"always":true},"csb_clone":{"group":"9","state":"ok"}},"bunyad_flickr_widget-2":{"title":"From Flickr","user_id":"53228952@N08","show_num":12,"tags":""}}}